id,first_name,last_name,email,gender,salary,year
1,Ephraim,Muffen,emuffen0@ow.ly,Bigender,Peso,2003
2,Conrade,Umney,cumney1@php.net,Male,Lempira,1993
3,Goldina,Slinger,gslinger2@ameblo.jp,Female,Peso,1988
4,Ronnie,Creasy,rcreasy3@printfriendly.com,Male,Baht,1994
5,Roscoe,Purseglove,rpurseglove4@mashable.com,Male,Peso,1996
6,Josephina,Ebbage,jebbage5@last.fm,Female,Rupiah,1995
7,Con,Bradford,cbradford6@barnesandnoble.com,Male,Euro,1989
8,Cobb,Dreschler,cdreschler7@samsung.com,Male,Yuan Renminbi,2011
9,Annnora,Felton,afelton8@1688.com,Female,Naira,2006
10,Ardella,Kearn,akearn9@oaic.gov.au,Female,Boliviano,2007
11,Lawton,Kidsley,lkidsleya@independent.co.uk,Male,Dollar,1988
12,Jeffy,Meaney,jmeaneyb@vk.com,Male,Euro,2002
13,Ardelis,Happert,ahappertc@rediff.com,Female,Krona,1996
14,Reinwald,Sugden,rsugdend@marriott.com,Male,Ruble,1994
15,Lowrance,Tremayle,ltremaylee@earthlink.net,Male,Yuan Renminbi,1990
16,Harley,Gouch,hgouchf@pinterest.com,Female,Kip,1997
17,Dari,Czaple,dczapleg@canalblog.com,Female,Dollar,2006
18,Abigail,Dickins,adickinsh@va.gov,Female,Escudo,2001
19,Dani,Littleproud,dlittleproudi@cnn.com,Female,Yuan Renminbi,2007
20,Waylon,Devany,wdevanyj@biglobe.ne.jp,Male,Krone,2008
21,Logan,Noye,lnoyek@facebook.com,Male,Yuan Renminbi,2002
22,Odette,Eliot,oeliotl@delicious.com,Female,Zloty,2007
23,Orly,Shields,oshieldsm@altervista.org,Female,Shilling,2007
24,Sam,Peoples,speoplesn@clickbank.net,Male,Dollar,2006
25,Maje,Blanche,mblancheo@japanpost.jp,Male,Euro,1984
26,Estevan,Maberley,emaberleyp@ibm.com,Male,Krona,1998
27,Fleming,MacKilroe,fmackilroeq@i2i.jp,Male,Krona,1996
28,Gordy,Slight,gslightr@oaic.gov.au,Male,Rupiah,2007
29,Holmes,La Batie,hlabaties@geocities.com,Male,Ruble,1992
30,Joshia,Bartholomew,jbartholomewt@tumblr.com,Male,Euro,2012
31,Andres,Matussevich,amatussevichu@naver.com,Male,Ruble,2004
32,Cilka,Kitlee,ckitleev@woothemes.com,Female,Zloty,1996
33,Glenden,Laird-Craig,glairdcraigw@arstechnica.com,Male,Yuan Renminbi,2004
34,Shantee,Shearmur,sshearmurx@ucoz.ru,Female,Yuan Renminbi,2000
35,Bond,Baber,bbabery@icio.us,Male,Dollar,2007
36,Kira,Petheridge,kpetheridgez@hugedomains.com,Genderqueer,Krona,1987
37,Israel,Atchly,iatchly10@delicious.com,Male,Yuan Renminbi,2008
38,Ellette,Conry,econry11@unesco.org,Female,Euro,1998
39,Shelby,Charleston,scharleston12@1und1.de,Male,Dram,1992
40,Allsun,Legerton,alegerton13@bluehost.com,Female,Dollar,1992
41,Darsey,Folomin,dfolomin14@newsvine.com,Female,Rupiah,2011
42,Lucien,Offord,lofford15@opensource.org,Male,Dong,2009
43,Tymothy,Nutting,tnutting16@bing.com,Male,Real,2009
44,Ignacio,Massimo,imassimo17@yale.edu,Male,Ruble,2007
45,Emmy,Kynder,ekynder18@vk.com,Male,Sol,1997
46,Laurene,Tackley,ltackley19@umn.edu,Female,Yen,2002
47,Beverly,Sherborn,bsherborn1a@linkedin.com,Female,Dirham,1999
48,Waverly,Scroggie,wscroggie1b@indiegogo.com,Male,Kuna,1996
49,Chic,Poncet,cponcet1c@google.it,Male,Real,2004
50,Johann,Gatrell,jgatrell1d@nbcnews.com,Male,Dollar,1995
51,Fredric,Riccio,friccio1e@whitehouse.gov,Male,Franc,2008
52,Fairlie,Olijve,folijve1f@slideshare.net,Male,Franc,1993
53,Wiley,Krzyzaniak,wkrzyzaniak1g@discovery.com,Male,Shilling,1988
54,Tracey,Daingerfield,tdaingerfield1h@blogs.com,Female,Yuan Renminbi,2011
55,Christopher,Paling,cpaling1i@tripod.com,Male,Rupiah,2009
56,Arluene,McCobb,amccobb1j@eventbrite.com,Female,Peso,1996
57,Johnnie,Lowater,jlowater1k@free.fr,Polygender,Rupiah,2011
58,Price,Wisam,pwisam1l@cbslocal.com,Male,Ruble,2009
59,Libby,Dounbare,ldounbare1m@cnet.com,Female,Denar,2006
60,Arda,Thorburn,athorburn1n@hatena.ne.jp,Female,Rupiah,1993
61,Leeanne,Povlsen,lpovlsen1o@ftc.gov,Genderqueer,Lari,2005
62,Giorgia,Wyness,gwyness1p@sourceforge.net,Female,Ruble,1994
63,Emanuel,Colafate,ecolafate1q@theguardian.com,Male,Ruble,2010
64,Mallory,Etty,metty1r@cbc.ca,Non-binary,Rupiah,2002
65,Ailsun,Bethell,abethell1s@cdbaby.com,Female,Rupiah,1998
66,Dall,Schruyer,dschruyer1t@cocolog-nifty.com,Male,Krone,2006
67,Rory,Willard,rwillard1u@freewebs.com,Male,Euro,2010
68,Sarah,Cowlam,scowlam1v@artisteer.com,Female,Ringgit,1969
69,Delora,Sauven,dsauven1w@nbcnews.com,Female,Yuan Renminbi,1997
70,Kathye,Jain,kjain1x@about.me,Female,Yuan Renminbi,2009
71,Priscilla,Bahl,pbahl1y@slate.com,Female,Euro,1993
72,Jami,Pennigar,jpennigar1z@google.ru,Female,Baht,2011
73,Geri,Lynett,glynett20@harvard.edu,Female,Real,1998
74,Bail,Lethem,blethem21@senate.gov,Male,Yuan Renminbi,2006
75,Reamonn,Luckhurst,rluckhurst22@linkedin.com,Male,Dollar,2006
76,Eleonore,Ateggart,eateggart23@jugem.jp,Female,Euro,1987
77,Richmound,Dolby,rdolby24@bizjournals.com,Male,Rupee,2002
78,Clywd,Uridge,curidge25@vimeo.com,Male,Bolivar,1984
79,Mommy,Blackborn,mblackborn26@rambler.ru,Female,Euro,2004
80,Maia,Jarlmann,mjarlmann27@unicef.org,Agender,Rupiah,1993
81,Gabrila,Curston,gcurston28@bigcartel.com,Female,Yuan Renminbi,1992
82,Carmita,Duguid,cduguid29@eventbrite.com,Female,Zloty,2009
83,Glennis,Brumble,gbrumble2a@ucsd.edu,Female,Rupiah,1991
84,Curt,Andreichik,candreichik2b@google.fr,Male,Rial,1997
85,Kelwin,Jaszczak,kjaszczak2c@yahoo.co.jp,Male,Naira,2009
86,Orsa,Kiffe,okiffe2d@surveymonkey.com,Genderqueer,Dollar,1980
87,Corbett,Pattemore,cpattemore2e@issuu.com,Male,Zloty,2007
88,Tamara,Audiss,taudiss2f@xing.com,Female,Dollar,2010
89,Kathleen,Edgeller,kedgeller2g@washingtonpost.com,Female,Ruble,1993
90,Franny,Fowler,ffowler2h@state.gov,Male,Peso,1997
91,Nikola,Isacke,nisacke2i@npr.org,Male,Ruble,2010
92,Georgeanne,Benitez,gbenitez2j@macromedia.com,Female,Euro,2002
93,Sylvia,Martill,smartill2k@uol.com.br,Genderqueer,Dollar,1987
94,Celisse,Owen,cowen2l@loc.gov,Female,Won,1992
95,Pauletta,Blaylock,pblaylock2m@sakura.ne.jp,Female,Lempira,2000
96,Helsa,Angerstein,hangerstein2n@nytimes.com,Female,Euro,1992
97,Ferrell,Codi,fcodi2o@slate.com,Male,Zloty,2010
98,Jasmin,Sizland,jsizland2p@cnn.com,Female,Yuan Renminbi,2001
99,Roy,Glaves,rglaves2q@acquirethisname.com,Male,Baht,1996
100,Titus,Gasking,tgasking2r@twitpic.com,Male,Yuan Renminbi,1990
101,Kissee,Gounet,kgounet2s@miitbeian.gov.cn,Female,Yuan Renminbi,1983
102,Zsazsa,Wilflinger,zwilflinger2t@yolasite.com,Female,Yuan Renminbi,2012
103,Rollin,Vanyushkin,rvanyushkin2u@netlog.com,Genderfluid,Yuan Renminbi,1990
104,Leonora,Roggeman,lroggeman2v@a8.net,Female,Denar,1976
105,Magdaia,Cashell,mcashell2w@loc.gov,Genderfluid,Marka,2009
106,Isa,Forlonge,iforlonge2x@rakuten.co.jp,Male,Yuan Renminbi,1996
107,Benyamin,Losbie,blosbie2y@stumbleupon.com,Male,Yuan Renminbi,2009
108,Rupert,Edlestone,redlestone2z@spiegel.de,Male,Birr,1990
109,Phip,Harber,pharber30@bravesites.com,Male,Yuan Renminbi,1993
110,Wernher,Hartnup,whartnup31@icq.com,Male,Euro,1999
111,Cooper,Duer,cduer32@com.com,Male,Yuan Renminbi,1987
112,Pattie,Kunze,pkunze33@google.co.uk,Female,Dollar,1999
113,Farr,Rosewarne,frosewarne34@tmall.com,Male,Yuan Renminbi,1986
114,Courtney,Petrol,cpetrol35@phoca.cz,Female,Rand,2005
115,Casi,Durie,cdurie36@archive.org,Female,Yuan Renminbi,2011
116,Quint,Wisedale,qwisedale37@mail.ru,Agender,Yuan Renminbi,2002
117,Chantalle,Dyke,cdyke38@scribd.com,Agender,Yuan Renminbi,1994
118,Cecil,Maystone,cmaystone39@sina.com.cn,Genderqueer,Ruble,1996
119,Arly,Kippins,akippins3a@geocities.jp,Female,Krona,2001
120,Curran,Waliszewski,cwaliszewski3b@cargocollective.com,Male,Euro,1990
121,Gilbertine,McCrystal,gmccrystal3c@squarespace.com,Female,Ruble,2008
122,Juliane,Leakner,jleakner3d@furl.net,Female,Rupee,2009
123,Brett,Majury,bmajury3e@cbsnews.com,Female,Dollar,2010
124,Meagan,Lampart,mlampart3f@bloglines.com,Female,Rupiah,2005
125,Marilin,Yearnsley,myearnsley3g@bandcamp.com,Female,Dollar,1993
126,Lucius,Embury,lembury3h@icq.com,Male,Yuan Renminbi,2001
127,Fletcher,Cattini,fcattini3i@mac.com,Male,Peso,1999
128,Layne,Curthoys,lcurthoys3j@ustream.tv,Female,Ringgit,2011
129,Pancho,Paulmann,ppaulmann3k@google.de,Male,Krona,2005
130,Towney,Ledwidge,tledwidge3l@google.it,Male,Euro,2010
131,Doro,Kubiczek,dkubiczek3m@cbc.ca,Female,Euro,1987
132,Deena,Gredden,dgredden3n@cpanel.net,Female,Rupiah,1989
133,Jereme,Piatkowski,jpiatkowski3o@sbwire.com,Male,Peso,1987
134,Xylia,Giblin,xgiblin3p@cnn.com,Genderfluid,Peso,2012
135,Sheffield,Detoile,sdetoile3q@goo.ne.jp,Male,Yuan Renminbi,1987
136,Sharai,Dreher,sdreher3r@exblog.jp,Female,Dinar,1999
137,Alex,Beresford,aberesford3s@google.com.hk,Male,Baht,1997
138,Marne,Crofthwaite,mcrofthwaite3t@eventbrite.com,Female,Yen,1994
139,Timmie,Laden,tladen3u@prlog.org,Female,Rupiah,2006
140,Ennis,Burdass,eburdass3v@domainmarket.com,Male,Peso,1993
141,Chad,Olin,colin3w@archive.org,Polygender,Riels,1996
142,Paige,Lickess,plickess3x@netvibes.com,Male,Peso,1992
143,Gale,Baumber,gbaumber3y@weather.com,Male,Peso,1989
144,Amelina,Springle,aspringle3z@smh.com.au,Female,Yuan Renminbi,2007
145,Sarene,Langmaid,slangmaid40@europa.eu,Female,Euro,2002
146,Whitby,McCloughen,wmccloughen41@shutterfly.com,Male,Rupiah,2007
147,Nedda,Bonniface,nbonniface42@so-net.ne.jp,Female,Peso,1995
148,Uta,Tatters,utatters43@cam.ac.uk,Female,Dollar,1998
149,Shelton,Petracek,spetracek44@domainmarket.com,Agender,Dollar,2006
150,Alisa,Kubec,akubec45@stumbleupon.com,Female,Lev,1986
151,Vaclav,Piscopo,vpiscopo46@w3.org,Male,Peso,2002
152,Camellia,Gillespey,cgillespey47@hibu.com,Female,Euro,1990
153,Shannon,Hemstead,shemstead48@phpbb.com,Female,Euro,2005
154,Penelopa,Calfe,pcalfe49@linkedin.com,Agender,Peso,2002
155,Marjory,Grimes,mgrimes4a@imgur.com,Female,Euro,1988
156,Amelie,Pietron,apietron4b@smugmug.com,Female,Ruble,2004
157,Etan,Deroche,ederoche4c@tiny.cc,Male,Yuan Renminbi,2011
158,Ruby,Stott,rstott4d@latimes.com,Female,Yen,2004
159,Kinna,Korf,kkorf4e@eventbrite.com,Female,Yuan Renminbi,1993
160,Wilmar,McTrustie,wmctrustie4f@dailymail.co.uk,Male,Yuan Renminbi,1996
161,Bradan,Roose,broose4g@examiner.com,Male,Peso,2001
162,Ayn,Rays,arays4h@slate.com,Female,Yuan Renminbi,1983
163,Abey,Surgey,asurgey4i@vk.com,Male,Nakfa,1995
164,Rockwell,Bedson,rbedson4j@fotki.com,Male,Won,2003
165,Scotti,Medeway,smedeway4k@bizjournals.com,Male,Peso,2007
166,Dean,Sugden,dsugden4l@bravesites.com,Agender,Ruble,2006
167,Ursa,Boni,uboni4m@friendfeed.com,Female,Hryvnia,2012
168,Kenon,Klauber,kklauber4n@ibm.com,Male,Rupiah,1989
169,Oran,Btham,obtham4o@skype.com,Male,Dong,1998
170,Elsie,Camamile,ecamamile4p@merriam-webster.com,Female,Kuna,2009
171,Malynda,Sauvain,msauvain4q@wisc.edu,Female,Euro,2000
172,Remus,Willacot,rwillacot4r@cdc.gov,Male,Yuan Renminbi,2007
173,Lauri,Forber,lforber4s@addtoany.com,Female,Baht,1987
174,Laurella,Cornelius,lcornelius4t@goodreads.com,Female,Peso,1993
175,Eberhard,Hatwells,ehatwells4u@vk.com,Male,Dinar,2001
176,Rosetta,Catto,rcatto4v@washingtonpost.com,Female,Zloty,2009
177,Maria,Cornilli,mcornilli4w@last.fm,Female,Yuan Renminbi,2011
178,Iosep,Limpkin,ilimpkin4x@cornell.edu,Male,Yuan Renminbi,1983
179,Winnie,Lowndesbrough,wlowndesbrough4y@sciencedirect.com,Female,Dollar,1994
180,Fallon,Isakovitch,fisakovitch4z@wix.com,Female,Peso,2009
181,Jacinta,Tye,jtye50@ow.ly,Female,Yen,2002
182,Nelli,McCerery,nmccerery51@trellian.com,Female,Peso,1993
183,Ewart,Iacovelli,eiacovelli52@freewebs.com,Male,Yuan Renminbi,2007
184,Pen,Blakely,pblakely53@people.com.cn,Male,Koruna,1995
185,Rolando,Twizell,rtwizell54@mail.ru,Bigender,Euro,2000
186,Finn,Clymer,fclymer55@myspace.com,Male,Rupiah,1988
187,Oliver,Bakesef,obakesef56@oakley.com,Male,Dinar,1995
188,Britt,Hulkes,bhulkes57@mashable.com,Male,Ruble,2006
189,Hastings,Izhaky,hizhaky58@webeden.co.uk,Male,Quetzal,2007
190,Cleon,Boake,cboake59@youtube.com,Male,Koruna,2000
191,Kristofer,Wych,kwych5a@scribd.com,Male,Peso,1992
192,Theadora,Watman,twatman5b@narod.ru,Female,Krona,1968
193,Angus,Ferrarello,aferrarello5c@godaddy.com,Male,Baht,1993
194,Ivette,Gilli,igilli5d@wufoo.com,Female,Koruna,1995
195,Jessica,Tinto,jtinto5e@goodreads.com,Female,Rupiah,1986
196,Frasquito,Sylett,fsylett5f@springer.com,Male,Yuan Renminbi,2006
197,Gus,Ondra,gondra5g@sciencedirect.com,Female,Ruble,1991
198,Clem,Jakoubek,cjakoubek5h@tripod.com,Female,Peso,2009
199,Alysia,McCanny,amccanny5i@scientificamerican.com,Female,Real,1986
200,Tobin,Crisford,tcrisford5j@pagesperso-orange.fr,Male,Yuan Renminbi,2001
201,Sibelle,Kindred,skindred5k@drupal.org,Female,Rupiah,2008
202,Raina,Lucy,rlucy5l@house.gov,Female,Yuan Renminbi,2000
203,Gabriello,Spoward,gspoward5m@google.co.uk,Male,Rupiah,2012
204,Mamie,Aubrey,maubrey5n@tamu.edu,Agender,Yuan Renminbi,2009
205,Deeann,McIlvenna,dmcilvenna5o@oracle.com,Female,Rupiah,1986
206,Claiborn,Stickel,cstickel5p@myspace.com,Male,Yuan Renminbi,2013
207,Gaile,Gegg,ggegg5q@reference.com,Male,Yuan Renminbi,1992
208,Gilda,Davenell,gdavenell5r@mtv.com,Female,Dollar,1985
209,Raddie,Bach,rbach5s@trellian.com,Male,Yuan Renminbi,2001
210,Sheppard,Wybrew,swybrew5t@uiuc.edu,Male,Rupiah,2008
211,Ingamar,Brusle,ibrusle5u@hexun.com,Male,Yuan Renminbi,2000
212,Michel,Zute,mzute5v@amazon.com,Male,Peso,1997
213,Clement,Dowey,cdowey5w@scientificamerican.com,Agender,Quetzal,1987
214,Zsa zsa,Skaid,zskaid5x@stanford.edu,Female,Litas,1996
215,Wilbur,Birt,wbirt5y@about.me,Male,Rupiah,1985
216,Lawrence,Uc,luc5z@lulu.com,Male,Peso,2009
217,Mack,Linner,mlinner60@google.nl,Bigender,Peso,1993
218,Gelya,Vernham,gvernham61@so-net.ne.jp,Female,Dollar,1995
219,Brit,Eastby,beastby62@dedecms.com,Polygender,Rupiah,2004
220,Charissa,Caldaro,ccaldaro63@mashable.com,Female,Yuan Renminbi,2011
221,Leah,Winskill,lwinskill64@redcross.org,Female,Ringgit,1997
222,Veronica,Lippitt,vlippitt65@yahoo.com,Female,Euro,1988
223,Daniel,Rosbotham,drosbotham66@toplist.cz,Male,Yuan Renminbi,1998
224,Eldridge,Brashaw,ebrashaw67@de.vu,Male,Zloty,2008
225,Hewitt,Phizakarley,hphizakarley68@networkadvertising.org,Male,Yuan Renminbi,2006
226,Orlando,Blueman,oblueman69@unicef.org,Male,Afghani,2005
227,Antonia,Jennins,ajennins6a@weibo.com,Female,Yuan Renminbi,2005
228,Fenelia,Hailwood,fhailwood6b@hp.com,Female,Euro,1993
229,Dane,Champkin,dchampkin6c@unesco.org,Male,Peso,1993
230,Zebulen,Dowzell,zdowzell6d@bandcamp.com,Male,Ruble,2012
231,Burk,Chastaing,bchastaing6e@vkontakte.ru,Male,Yen,2010
232,Asher,Fawckner,afawckner6f@wsj.com,Male,Peso,1997
233,Flynn,Lepope,flepope6g@tripadvisor.com,Male,Yuan Renminbi,1994
234,Genvieve,Luipold,gluipold6h@businesswire.com,Female,Euro,2004
235,Tressa,Grassin,tgrassin6i@europa.eu,Female,Koruna,2004
236,Temp,Haskayne,thaskayne6j@cam.ac.uk,Male,Yuan Renminbi,1988
237,Wylma,Carley,wcarley6k@yelp.com,Female,Rupiah,2002
238,Ivette,Greenshields,igreenshields6l@sphinn.com,Polygender,Dollar,1999
239,Lelah,Rayworth,lrayworth6m@storify.com,Female,Euro,1991
240,Alix,Toffoletto,atoffoletto6n@examiner.com,Female,Yen,1989
241,Field,Congreave,fcongreave6o@discovery.com,Male,Rupiah,1992
242,Pauly,Argue,pargue6p@businessweek.com,Female,Euro,1996
243,Hillel,Watling,hwatling6q@taobao.com,Male,Sol,2008
244,Elbertina,Rowthorn,erowthorn6r@princeton.edu,Female,Ruble,1994
245,Shurlocke,Courson,scourson6s@feedburner.com,Bigender,Ruble,2003
246,Lia,Stolle,lstolle6t@auda.org.au,Female,Yuan Renminbi,2011
247,Axe,Tunny,atunny6u@redcross.org,Male,Krona,2012
248,Lindsey,Melonby,lmelonby6v@discovery.com,Male,Euro,1975
249,Antonetta,Crawcour,acrawcour6w@jiathis.com,Female,Hryvnia,2000
250,Quentin,Puckham,qpuckham6x@cnn.com,Male,Yen,1993
251,Sampson,Lower,slower6y@netscape.com,Male,Euro,2002
252,Flossy,Barthelmes,fbarthelmes6z@google.ca,Female,Krona,1991
253,Carlie,McCloch,cmccloch70@discuz.net,Male,Lek,1988
254,Morris,Behnen,mbehnen71@clickbank.net,Male,Zloty,2002
255,Torrie,Duffit,tduffit72@cmu.edu,Agender,Dirham,1992
256,Hughie,Golagley,hgolagley73@sun.com,Male,Yuan Renminbi,1993
257,Chere,Gaynor,cgaynor74@bbc.co.uk,Female,Dirham,2005
258,Cordi,Foskett,cfoskett75@amazon.com,Female,Euro,2008
259,Kati,Chinnock,kchinnock76@cpanel.net,Genderqueer,Guilder,1992
260,Shem,Aldren,saldren77@amazon.co.jp,Male,Naira,2004
261,Ly,Lighten,llighten78@zdnet.com,Male,Ruble,1994
262,Willyt,Becom,wbecom79@miitbeian.gov.cn,Genderqueer,Krona,1995
263,Garik,Harty,gharty7a@mozilla.org,Male,Dollar,1997
264,Karly,Totaro,ktotaro7b@ucoz.com,Female,Rupiah,1996
265,Ange,Stores,astores7c@slate.com,Male,Ruble,1992
266,Mason,Romans,mromans7d@about.me,Male,Peso,2008
267,Querida,Vinau,qvinau7e@wikimedia.org,Female,Krona,2001
268,Yasmin,Aingell,yaingell7f@taobao.com,Female,Dollar,1999
269,Ham,Clampett,hclampett7g@liveinternet.ru,Male,Rupiah,2011
270,Davidde,Eilers,deilers7h@hibu.com,Male,Zloty,1994
271,Tamra,Willan,twillan7i@trellian.com,Female,Koruna,2003
272,Ben,Gater,bgater7j@newsvine.com,Male,Yuan Renminbi,1996
273,Regine,Calf,rcalf7k@gizmodo.com,Female,Afghani,1984
274,Kaylil,Vasiljevic,kvasiljevic7l@umn.edu,Female,Rupiah,2012
275,Ki,McCree,kmccree7m@angelfire.com,Female,Pound,2011
276,Amory,Latham,alatham7n@sciencedaily.com,Male,Peso,2006
277,Cherrita,Bartoszinski,cbartoszinski7o@yale.edu,Female,Zloty,2005
278,Lacee,Bowmer,lbowmer7p@msn.com,Female,Dollar,1979
279,Allys,Targetter,atargetter7q@fema.gov,Female,Ruble,1999
280,Danella,Holdforth,dholdforth7r@w3.org,Female,Krona,1996
281,Frederico,Cheeke,fcheeke7s@quantcast.com,Male,Rand,2000
282,Erl,Perrot,eperrot7t@ifeng.com,Male,Euro,1992
283,Joelly,Vallerine,jvallerine7u@washingtonpost.com,Female,Rupiah,1997
284,Aurelea,Driscoll,adriscoll7v@cmu.edu,Female,Rupiah,2006
285,Mart,Andryszczak,mandryszczak7w@t.co,Male,Yuan Renminbi,1997
286,Ruthanne,Diggles,rdiggles7x@digg.com,Bigender,Real,1986
287,Ches,Baudasso,cbaudasso7y@microsoft.com,Male,Sol,2010
288,Datha,Matschek,dmatschek7z@ucoz.ru,Female,Franc,1993
289,Lemmy,Mc Dermid,lmcdermid80@hhs.gov,Male,Peso,2000
290,Tadio,Gonnely,tgonnely81@addthis.com,Male,Krone,2003
291,Cobby,Bere,cbere82@cisco.com,Genderfluid,Dinar,1995
292,Gabriela,Edgeller,gedgeller83@liveinternet.ru,Female,Yuan Renminbi,1996
293,Lulu,Gask,lgask84@chron.com,Female,Ruble,2006
294,Tiff,Aiston,taiston85@51.la,Female,Peso,2009
295,Bonny,Merrifield,bmerrifield86@wired.com,Female,Peso,1994
296,Cob,Gaskarth,cgaskarth87@seattletimes.com,Male,Pound,1997
297,Hildagarde,Caesman,hcaesman88@devhub.com,Female,Peso,2006
298,Donelle,Linklet,dlinklet89@disqus.com,Female,Ringgit,1989
299,Ariana,Derkes,aderkes8a@gizmodo.com,Female,Won,2005
300,Simone,Carncross,scarncross8b@indiatimes.com,Genderfluid,Euro,2012
301,Lukas,Eversfield,leversfield8c@360.cn,Male,Koruna,2005
302,Neddy,Stollberger,nstollberger8d@addthis.com,Male,Manat,1998
303,Leann,Kochlin,lkochlin8e@upenn.edu,Female,Rupiah,2012
304,Drusilla,Loncaster,dloncaster8f@upenn.edu,Female,Koruna,1967
305,Linda,Slowan,lslowan8g@pinterest.com,Female,Yuan Renminbi,2009
306,Lexie,Fantin,lfantin8h@woothemes.com,Female,Yuan Renminbi,1990
307,Hamil,Whittet,hwhittet8i@harvard.edu,Male,Franc,2003
308,Erastus,Simister,esimister8j@hostgator.com,Male,Rupiah,1993
309,Christophorus,Danahar,cdanahar8k@europa.eu,Non-binary,Dinar,1992
310,Sonnnie,Brandacci,sbrandacci8l@oakley.com,Female,Euro,2001
311,Kevyn,Allison,kallison8m@google.com.au,Female,Rupiah,1988
312,Jeanie,Gyver,jgyver8n@merriam-webster.com,Female,Yuan Renminbi,1999
313,Charissa,Collymore,ccollymore8o@i2i.jp,Agender,Zloty,1998
314,Guenevere,Snelle,gsnelle8p@xinhuanet.com,Female,Peso,1998
315,Algernon,Ottosen,aottosen8q@netlog.com,Male,Yuan Renminbi,2010
316,Madeleine,Tott,mtott8r@amazon.com,Female,Rupiah,2010
317,Gert,Junkison,gjunkison8s@taobao.com,Female,Peso,1997
318,Erastus,Radolf,eradolf8t@sbwire.com,Male,Yen,1999
319,Doralin,Henniger,dhenniger8u@webeden.co.uk,Female,Zloty,2009
320,Modestia,Roadknight,mroadknight8v@blogspot.com,Female,Dram,2010
321,Iormina,Penvarne,ipenvarne8w@msn.com,Female,Euro,2008
322,Rodolphe,Balden,rbalden8x@amazon.de,Male,Yuan Renminbi,1994
323,Concordia,Doole,cdoole8y@toplist.cz,Bigender,Ruble,2011
324,Jarib,Cowthart,jcowthart8z@huffingtonpost.com,Male,Peso,2002
325,Ariadne,Ambrosini,aambrosini90@tmall.com,Female,Rupiah,2009
326,Crosby,Levitt,clevitt91@hatena.ne.jp,Genderqueer,Rupiah,1994
327,Brucie,Spurman,bspurman92@example.com,Genderqueer,Hryvnia,1985
328,Jerrine,Hewell,jhewell93@devhub.com,Female,Dollar,2004
329,Irita,Faragan,ifaragan94@google.ru,Bigender,Naira,1998
330,Ewart,Swindley,eswindley95@hexun.com,Genderqueer,Tenge,2003
331,Fabian,Curtois,fcurtois96@indiegogo.com,Male,Peso,1999
332,Rosalinde,Collingworth,rcollingworth97@ed.gov,Female,Real,2008
333,Kristian,Fergusson,kfergusson98@mail.ru,Male,Yuan Renminbi,1994
334,Harley,Blackhall,hblackhall99@mapquest.com,Male,Zloty,2010
335,Steward,Crufts,scrufts9a@woothemes.com,Male,Ruble,2012
336,Eugen,Shadfourth,eshadfourth9b@hugedomains.com,Male,Yuan Renminbi,2007
337,Willy,Southcomb,wsouthcomb9c@microsoft.com,Female,Rupiah,1999
338,Corby,Biddell,cbiddell9d@nyu.edu,Male,Ouguiya,1995
339,Weylin,Ansteys,wansteys9e@canalblog.com,Male,Yuan Renminbi,2007
340,Jacenta,Bennetts,jbennetts9f@github.com,Female,Lempira,2010
341,Carleen,Goodredge,cgoodredge9g@fastcompany.com,Female,Franc,2011
342,Padraic,Ruby,pruby9h@eventbrite.com,Genderfluid,Rupiah,2010
343,Bryon,Saladin,bsaladin9i@mail.ru,Male,Dollar,2006
344,Shannen,Baber,sbaber9j@1688.com,Female,Euro,2008
345,Netty,Larcier,nlarcier9k@tamu.edu,Agender,Zloty,2006
346,Padraig,Cheesworth,pcheesworth9l@vistaprint.com,Male,Peso,2003
347,Dorella,Prozescky,dprozescky9m@hao123.com,Female,Peso,1963
348,Yetta,Marr,ymarr9n@sohu.com,Female,Yuan Renminbi,2009
349,Edmund,Erskine Sandys,eerskinesandys9o@photobucket.com,Male,Yen,1992
350,Pearline,Merman,pmerman9p@rambler.ru,Female,Yuan Renminbi,2008
351,Aidan,Bracknell,abracknell9q@nydailynews.com,Female,Yuan Renminbi,2005
352,Mandel,Ricker,mricker9r@macromedia.com,Male,Rupiah,2005
353,Tracey,Dabney,tdabney9s@bravesites.com,Male,Yuan Renminbi,1996
354,Gordon,Danes,gdanes9t@weebly.com,Male,Peso,2007
355,Silas,Aggs,saggs9u@google.de,Male,Euro,1963
356,Gardie,Jendrusch,gjendrusch9v@bing.com,Male,Peso,1964
357,Fidelio,Ward,fward9w@wufoo.com,Male,Ruble,2001
358,Jess,Santora,jsantora9x@meetup.com,Non-binary,Yuan Renminbi,1996
359,Stacia,Cadney,scadney9y@bizjournals.com,Female,Shilling,1993
360,Florian,Bickersteth,fbickersteth9z@symantec.com,Male,Dollar,2011
361,Carine,Loch,clocha0@wunderground.com,Female,Real,1997
362,Cindy,Pearmain,cpearmaina1@cloudflare.com,Female,Ruble,2003
363,Nathanial,Boosey,nbooseya2@reddit.com,Male,Naira,1999
364,Granthem,Carling,gcarlinga3@timesonline.co.uk,Male,Peso,1992
365,Florie,Keggins,fkegginsa4@macromedia.com,Genderfluid,Yuan Renminbi,2002
366,Lisbeth,Reeds,lreedsa5@webs.com,Female,Peso,2002
367,Sibylle,Pinkett,spinketta6@istockphoto.com,Female,Pound,2009
368,Odetta,Shelbourne,oshelbournea7@domainmarket.com,Female,Rupiah,2000
369,Sully,Kryska,skryskaa8@omniture.com,Male,Naira,2003
370,Luz,Sturton,lsturtona9@taobao.com,Female,Bolivar,1996
371,Kelcie,Echallie,kechallieaa@buzzfeed.com,Female,Yuan Renminbi,2004
372,Leona,Smedley,lsmedleyab@linkedin.com,Female,Yuan Renminbi,2011
373,Gaspar,Lafond,glafondac@google.com.br,Male,Tenge,2010
374,Vernice,Fearenside,vfearensidead@reference.com,Female,Rupiah,2005
375,Melosa,Charlotte,mcharlotteae@blogs.com,Female,Guarani,2012
376,Tiffie,Arnaldy,tarnaldyaf@economist.com,Female,Yuan Renminbi,2005
377,Bobby,Pimlock,bpimlockag@booking.com,Female,Yuan Renminbi,1993
378,Welch,McRory,wmcroryah@pcworld.com,Male,Krona,2010
379,Isabella,Bolderoe,ibolderoeai@geocities.jp,Female,Dollar,1994
380,Andre,Elwell,aelwellaj@alibaba.com,Male,Yuan Renminbi,2011
381,Austin,Barrell,abarrellak@hubpages.com,Male,Rupiah,2011
382,Konstantin,Morillas,kmorillasal@ca.gov,Male,Rupiah,1995
383,Ashton,Twinborough,atwinborougham@telegraph.co.uk,Male,Ruble,1993
384,Giselbert,Lamort,glamortan@tinypic.com,Non-binary,Rupiah,1998
385,Cathrine,Firpo,cfirpoao@dmoz.org,Female,Hryvnia,1999
386,Cad,Succamore,csuccamoreap@hud.gov,Bigender,Krona,2011
387,Alaster,Moggle,amoggleaq@princeton.edu,Male,Koruna,2003
388,Fin,Norway,fnorwayar@virginia.edu,Male,Sol,2009
389,Eleanora,Baudy,ebaudyas@dot.gov,Female,Ruble,2011
390,Quinn,Deller,qdellerat@reference.com,Female,Colon,1984
391,Jerri,Stenning,jstenningau@mysql.com,Male,Yuan Renminbi,1998
392,Wernher,Bengal,wbengalav@clickbank.net,Male,Peso,2009
393,Sebastien,Vile,svileaw@vinaora.com,Male,Peso,2000
394,Tedmund,McGeneay,tmcgeneayax@networksolutions.com,Male,Dollar,2011
395,Jemimah,Varsey,jvarseyay@mlb.com,Female,Dollar,2011
396,Nikki,Salkeld,nsalkeldaz@berkeley.edu,Male,Kuna,2003
397,Ulrike,Denmead,udenmeadb0@networksolutions.com,Agender,Dinar,1995
398,Lexie,Ollier,lollierb1@nytimes.com,Female,Rupiah,1997
399,Annamarie,Briscoe,abriscoeb2@mapquest.com,Female,Peso,2011
400,Simeon,Sales,ssalesb3@chron.com,Male,Shekel,2008
401,Shanna,Kleinsmuntz,skleinsmuntzb4@icio.us,Female,Boliviano,2008
402,Clarissa,Puckring,cpuckringb5@apple.com,Female,Dong,2007
403,Sandye,Rawls,srawlsb6@google.com.au,Female,Ariary,2008
404,Darbie,Normant,dnormantb7@joomla.org,Female,Yuan Renminbi,2007
405,Dusty,Aiton,daitonb8@bbb.org,Female,Yen,1995
406,Josy,Davitt,jdavittb9@issuu.com,Female,Yuan Renminbi,1996
407,Dara,Whetland,dwhetlandba@uol.com.br,Female,Zloty,2008
408,Rory,Bruhnsen,rbruhnsenbb@illinois.edu,Male,Krone,2011
409,Angelina,Gundry,agundrybc@disqus.com,Female,Rupiah,1995
410,Brig,Nelthropp,bnelthroppbd@chicagotribune.com,Male,Euro,1999
411,Kerianne,Carmont,kcarmontbe@auda.org.au,Female,Real,1999
412,Odey,Meakes,omeakesbf@indiatimes.com,Male,Dollar,2006
413,Katrinka,Hazzard,khazzardbg@histats.com,Female,Rupiah,2003
414,Jany,Arrigucci,jarriguccibh@myspace.com,Female,Hryvnia,2009
415,Nancie,Leverington,nleveringtonbi@hao123.com,Female,Yuan Renminbi,1998
416,Thurstan,Loch,tlochbj@weibo.com,Male,Euro,2007
417,Jeremy,Baddow,jbaddowbk@fotki.com,Male,Real,2005
418,Josh,Tuxsell,jtuxsellbl@bloglines.com,Male,Franc,1998
419,Barbaraanne,Goodsir,bgoodsirbm@kickstarter.com,Agender,Peso,2004
420,Tatiana,Dominguez,tdominguezbn@surveymonkey.com,Female,Yen,2008
421,Philbert,Mathwen,pmathwenbo@free.fr,Male,Yen,2000
422,Tara,Gladman,tgladmanbp@qq.com,Female,Dollar,2010
423,Fraser,Reader,freaderbq@networksolutions.com,Male,Ringgit,1989
424,Aimil,Rikel,arikelbr@google.com,Female,Yuan Renminbi,2011
425,Barbra,Fiveash,bfiveashbs@blog.com,Female,Rupiah,2001
426,Monika,Klees,mkleesbt@sfgate.com,Female,Ruble,1992
427,Marrilee,Machans,mmachansbu@pbs.org,Female,Yuan Renminbi,1998
428,Lesley,Snowball,lsnowballbv@imdb.com,Male,Denar,1991
429,Janenna,McCurley,jmccurleybw@shinystat.com,Female,Baht,2002
430,Hildy,Harsent,hharsentbx@dell.com,Polygender,Ruble,1999
431,Engelbert,Bassano,ebassanoby@canalblog.com,Male,Franc,1993
432,Conrade,Van Dalen,cvandalenbz@vkontakte.ru,Male,Yuan Renminbi,2009
433,Porter,Drowsfield,pdrowsfieldc0@wikia.com,Male,Rupiah,1993
434,Abdel,Ramsby,aramsbyc1@mlb.com,Male,Dollar,2006
435,Ashly,Sawfoot,asawfootc2@example.com,Female,Baht,2012
436,Atlanta,Moiser,amoiserc3@opera.com,Female,Yen,1985
437,Raul,Lillee,rlilleec4@google.it,Male,Yuan Renminbi,2011
438,Cecil,Vasilechko,cvasilechkoc5@networkadvertising.org,Male,Rupiah,2003
439,Gabriell,Oxbrow,goxbrowc6@census.gov,Female,Yuan Renminbi,2005
440,Penny,Edes,pedesc7@jiathis.com,Male,Rupiah,2010
441,Theresa,Crallan,tcrallanc8@google.ca,Bigender,Zloty,2007
442,Staford,Wabe,swabec9@163.com,Male,Real,2008
443,Germayne,Colley,gcolleyca@fc2.com,Male,Yuan Renminbi,1987
444,Selby,Pilpovic,spilpoviccb@seesaa.net,Male,Rupiah,2012
445,Lucien,M'cowis,lmcowiscc@home.pl,Male,Sol,1995
446,Jacquenetta,Eakin,jeakincd@amazonaws.com,Agender,Krone,2009
447,Kendrick,Ellit,kellitce@deliciousdays.com,Male,Peso,1995
448,Olivie,Westbury,owestburycf@theglobeandmail.com,Female,Tugrik,2000
449,Larisa,Blasio,lblasiocg@quantcast.com,Female,Rupiah,2009
450,Timothea,Machon,tmachonch@wix.com,Agender,Peso,2010
451,Pet,Chaundy,pchaundyci@indiatimes.com,Non-binary,Yuan Renminbi,2003
452,Shina,Malamore,smalamorecj@google.es,Female,Yuan Renminbi,1998
453,Marlon,Cordero,mcorderock@discuz.net,Male,Colon,1993
454,Davie,Waszczyk,dwaszczykcl@geocities.jp,Non-binary,Rupiah,1995
455,Ariana,Cavilla,acavillacm@ask.com,Female,Dollar,1989
456,Allyn,Sarjant,asarjantcn@google.nl,Male,Euro,2012
457,Garrick,Goodricke,ggoodrickeco@over-blog.com,Male,Dinar,2008
458,Nanine,Westerman,nwestermancp@nifty.com,Female,Yuan Renminbi,2010
459,Dyana,Swayne,dswaynecq@is.gd,Female,Euro,2005
460,Dame,Sedger,dsedgercr@wisc.edu,Male,Yuan Renminbi,1992
461,Kerk,Tallboy,ktallboycs@cloudflare.com,Male,Peso,2002
462,Emylee,Witcombe,ewitcombect@sohu.com,Female,Yuan Renminbi,2004
463,Phyllida,Crosscombe,pcrosscombecu@desdev.cn,Female,Euro,2012
464,Gerrie,Dael,gdaelcv@sfgate.com,Female,Krone,1999
465,Lonnie,Garlinge,lgarlingecw@answers.com,Male,Ruble,2005
466,Libbie,Valek,lvalekcx@google.com.hk,Female,Euro,2004
467,Geri,Cainey,gcaineycy@bizjournals.com,Male,Rial,2003
468,Dario,Duckerin,dduckerincz@example.com,Male,Rupiah,1992
469,Lew,Bull,lbulld0@multiply.com,Genderqueer,Ruble,2005
470,Celine,Brinson,cbrinsond1@histats.com,Female,Dram,2006
471,Huey,McCray,hmccrayd2@hexun.com,Male,Peso,2007
472,Matthias,Di Giorgio,mdigiorgiod3@t.co,Male,Ruble,2003
473,Archer,Maxsted,amaxstedd4@businesswire.com,Genderfluid,Rupiah,2003
474,Steve,Jordan,sjordand5@chron.com,Male,Dollar,2009
475,Bren,Thomasson,bthomassond6@tamu.edu,Female,Euro,2005
476,Olimpia,Ollin,oollind7@about.com,Female,Euro,1976
477,Frankie,Basini-Gazzi,fbasinigazzid8@state.tx.us,Male,Rupiah,1994
478,Judye,Dobell,jdobelld9@constantcontact.com,Female,Dirham,2006
479,Meredeth,Caughan,mcaughanda@who.int,Male,Euro,2005
480,Quintus,Showte,qshowtedb@jalbum.net,Male,Peso,2007
481,Jarib,Colqueran,jcolquerandc@army.mil,Male,Tugrik,1992
482,Rustie,Lutton,rluttondd@fema.gov,Male,Baht,2006
483,Ollie,Kroger,okrogerde@spotify.com,Female,Peso,2011
484,Bartolomeo,Geistbeck,bgeistbeckdf@biglobe.ne.jp,Male,Peso,2006
485,Sapphira,Rosenfrucht,srosenfruchtdg@redcross.org,Female,Ruble,1993
486,Ruthann,Battman,rbattmandh@cocolog-nifty.com,Female,Yuan Renminbi,1993
487,Enrichetta,Antliff,eantliffdi@about.me,Female,Dinar,1993
488,Mercy,Burchall,mburchalldj@gmpg.org,Female,Rupiah,2009
489,Aubert,Lippatt,alippattdk@de.vu,Male,Rupiah,2009
490,Grissel,Flaxman,gflaxmandl@sogou.com,Female,Euro,2005
491,Yorker,McMackin,ymcmackindm@examiner.com,Male,Rupiah,2010
492,Shell,Leythley,sleythleydn@hud.gov,Male,Yuan Renminbi,1997
493,Lindon,Hook,lhookdo@shareasale.com,Genderqueer,Lempira,2012
494,Cathe,Neward,cnewarddp@hugedomains.com,Female,Euro,2005
495,Morgen,Mellmoth,mmellmothdq@cam.ac.uk,Female,Zloty,2003
496,Cad,Routham,crouthamdr@sciencedaily.com,Male,Peso,2007
497,Imogene,Appleby,iapplebyds@umn.edu,Female,Yuan Renminbi,1997
498,Eve,Corben,ecorbendt@guardian.co.uk,Female,Yuan Renminbi,2010
499,Kerri,Bounds,kboundsdu@istockphoto.com,Female,Dollar,1999
500,Ansel,Goman,agomandv@constantcontact.com,Male,Forint,1993
501,Forrest,Farrimond,ffarrimonddw@pinterest.com,Male,Kwanza,2005
502,Janine,Pellman,jpellmandx@goo.ne.jp,Female,Lek,1993
503,Laetitia,Walburn,lwalburndy@dmoz.org,Female,Peso,2001
504,Frannie,Jaggli,fjagglidz@chicagotribune.com,Agender,Dollar,2001
505,Cynde,Skirven,cskirvene0@msu.edu,Female,Rupiah,2009
506,Monica,Local,mlocale1@imageshack.us,Female,Yuan Renminbi,1996
507,Page,Paoli,ppaolie2@de.vu,Male,Ruble,2008
508,Cecile,Rantoull,crantoulle3@csmonitor.com,Female,Won,2011
509,Bord,Spohrmann,bspohrmanne4@amazon.co.uk,Male,Euro,1990
510,Beverley,O'Brien,bobriene5@hexun.com,Female,Peso,2009
511,Roscoe,Chasle,rchaslee6@nationalgeographic.com,Male,Baht,2001
512,Gavrielle,Cousins,gcousinse7@1688.com,Female,Dollar,2012
513,Devy,Creek,dcreeke8@pinterest.com,Male,Euro,1985
514,Jody,Ferronel,jferronele9@oakley.com,Female,Dong,2002
515,Wallie,Haining,whainingea@smugmug.com,Male,Ruble,2004
516,Deloria,Djordjevic,ddjordjeviceb@howstuffworks.com,Female,Real,1974
517,Winonah,Meffin,wmeffinec@wikia.com,Female,Yuan Renminbi,1996
518,Ellery,Nunes Nabarro,enunesnabarroed@ezinearticles.com,Non-binary,Euro,1957
519,Merrel,Welldrake,mwelldrakeee@wp.com,Male,Euro,2006
520,Berke,Armfield,barmfieldef@europa.eu,Male,Ruble,1993
521,Zachariah,Sarver,zsarvereg@wikipedia.org,Male,Euro,2008
522,Lowrance,Driscoll,ldriscolleh@mysql.com,Male,Yuan Renminbi,2013
523,Bondie,Abrahamovitz,babrahamovitzei@army.mil,Male,Dinar,2011
524,Amelie,Stutard,astutardej@gmpg.org,Bigender,Denar,2009
525,Xever,Chopin,xchopinek@sphinn.com,Male,Peso,1994
526,Desdemona,Gradley,dgradleyel@washington.edu,Bigender,Dong,2001
527,Kara-lynn,Elles,kellesem@amazonaws.com,Female,Euro,2007
528,Fay,Iggo,figgoen@mediafire.com,Female,Yuan Renminbi,2006
529,Johnathan,Fishley,jfishleyeo@wikipedia.org,Male,Euro,2004
530,Aldis,Kirkland,akirklandep@macromedia.com,Male,Yuan Renminbi,2012
531,Shawna,Kynman,skynmaneq@home.pl,Female,Yuan Renminbi,2005
532,Milty,Powley,mpowleyer@buzzfeed.com,Male,Lempira,2003
533,Dorie,Marusyak,dmarusyakes@stumbleupon.com,Male,Euro,1995
534,Aaren,Parry,aparryet@joomla.org,Female,Yuan Renminbi,2008
535,Felipe,Farfull,ffarfulleu@nsw.gov.au,Male,Rupiah,1993
536,Bing,Weld,bweldev@umn.edu,Male,Yuan Renminbi,1992
537,Roxi,Kubica,rkubicaew@chicagotribune.com,Polygender,Rupiah,1997
538,Ethel,Danilchik,edanilchikex@feedburner.com,Female,Franc,1995
539,Page,Stockbridge,pstockbridgeey@usnews.com,Male,Rupiah,2012
540,Alexis,Le land,alelandez@scientificamerican.com,Female,Yuan Renminbi,2010
541,Hart,Doumer,hdoumerf0@ebay.com,Male,Yuan Renminbi,2009
542,Virgil,Strafford,vstraffordf1@theglobeandmail.com,Male,Pula,2003
543,Janela,Chapple,jchapplef2@rediff.com,Female,Real,2008
544,Ambrosi,De Castri,adecastrif3@businesswire.com,Male,Yuan Renminbi,1997
545,Shepperd,Grishenkov,sgrishenkovf4@canalblog.com,Male,Yuan Renminbi,1995
546,Nevile,Luton,nlutonf5@bloomberg.com,Male,Peso,1994
547,Corbet,Kordova,ckordovaf6@ifeng.com,Male,Yuan Renminbi,1987
548,Milly,Spellissy,mspellissyf7@acquirethisname.com,Female,Dollar,2005
549,Wendy,MacMichael,wmacmichaelf8@jugem.jp,Female,Krona,2007
550,Fenelia,Mucklo,fmucklof9@altervista.org,Female,Euro,1988
551,Leela,Butland,lbutlandfa@arizona.edu,Female,Peso,2009
552,Colleen,Worsall,cworsallfb@mediafire.com,Female,Euro,1989
553,Morgun,Corsham,mcorshamfc@tripod.com,Non-binary,Real,2007
554,Carleen,Saunt,csauntfd@php.net,Female,Taka,2011
555,Allard,Sclanders,asclandersfe@t.co,Male,Yuan Renminbi,2012
556,Nollie,Bernadzki,nbernadzkiff@google.com,Female,Franc,1984
557,Kane,Rickardes,krickardesfg@exblog.jp,Male,Euro,1991
558,Mavra,Verlinden,mverlindenfh@java.com,Female,Euro,1998
559,Donnajean,McCathay,dmccathayfi@webmd.com,Female,Ruble,2010
560,Barthel,Lukehurst,blukehurstfj@surveymonkey.com,Genderqueer,Hryvnia,1992
561,Jocelin,Blackstone,jblackstonefk@tinyurl.com,Female,Euro,1996
562,Isaak,Brotherton,ibrothertonfl@earthlink.net,Male,Franc,1989
563,Yuri,Gutridge,ygutridgefm@telegraph.co.uk,Male,Bolivar,2007
564,Hewet,Bunney,hbunneyfn@multiply.com,Male,Sol,2010
565,Addy,Foxhall,afoxhallfo@irs.gov,Male,Yuan Renminbi,1999
566,Roch,Summerlee,rsummerleefp@qq.com,Female,Shilling,1998
567,Hayyim,Dufaire,hdufairefq@wiley.com,Male,Yuan Renminbi,1999
568,Barbe,Kalkhoven,bkalkhovenfr@usatoday.com,Female,Yuan Renminbi,2007
569,Marylynne,Begin,mbeginfs@reverbnation.com,Female,Peso,1993
570,Nari,Prazer,nprazerft@usgs.gov,Female,Ruble,2002
571,Ferrel,Abercromby,fabercrombyfu@ucsd.edu,Male,Yuan Renminbi,2009
572,Elwin,Skippings,eskippingsfv@slashdot.org,Male,Yuan Renminbi,1998
573,Cecile,Caulwell,ccaulwellfw@slate.com,Female,Quetzal,2009
574,Andria,Thams,athamsfx@answers.com,Female,Yuan Renminbi,1991
575,Ebeneser,Blaze,eblazefy@163.com,Male,Dalasi,2003
576,Giuditta,Griggs,ggriggsfz@cam.ac.uk,Female,Zloty,1996
577,Aubrey,Nealey,anealeyg0@php.net,Male,Rupiah,2002
578,Levon,Tamburi,ltamburig1@samsung.com,Male,Peso,1993
579,Sherm,Eltune,seltuneg2@t.co,Male,Rand,1994
580,Sharline,Fontenot,sfontenotg3@nbcnews.com,Female,Yuan Renminbi,1994
581,Derward,Swithenby,dswithenbyg4@google.cn,Male,Yuan Renminbi,2002
582,Gaynor,McNutt,gmcnuttg5@altervista.org,Female,Manat,1987
583,Ringo,Bates,rbatesg6@mapy.cz,Male,Sol,2007
584,Mufinella,Gadson,mgadsong7@businessweek.com,Female,Peso,2002
585,Angeli,Tirrell,atirrellg8@symantec.com,Male,Marka,2008
586,Wash,Gimson,wgimsong9@google.fr,Male,Yuan Renminbi,1996
587,Zea,Glowach,zglowachga@wordpress.com,Female,Ruble,2008
588,Terri,Pennino,tpenninogb@lulu.com,Female,Dollar,1997
589,Billye,Lumox,blumoxgc@storify.com,Female,Dollar,1995
590,Noby,Simonnin,nsimonningd@mashable.com,Male,Rupiah,2011
591,Clarinda,Spilstead,cspilsteadge@typepad.com,Female,Dong,2003
592,Sally,Frizell,sfrizellgf@cyberchimps.com,Female,Rupee,1998
593,Katina,Bollis,kbollisgg@marketwatch.com,Female,Zloty,2002
594,Haroun,Wanne,hwannegh@wiley.com,Male,Yuan Renminbi,1997
595,Esdras,Kidman,ekidmangi@pcworld.com,Male,Dollar,2005
596,Dolf,Tomasz,dtomaszgj@pinterest.com,Male,Yuan Renminbi,1996
597,Rorke,Jinkins,rjinkinsgk@apple.com,Male,Euro,2005
598,Ruthy,Dwyr,rdwyrgl@sbwire.com,Female,Guarani,2011
599,Roselia,Bartlet,rbartletgm@facebook.com,Female,Yuan Renminbi,2005
600,Filippo,Pethybridge,fpethybridgegn@hud.gov,Male,Tugrik,2009
601,Fanchette,Smallpeice,fsmallpeicego@va.gov,Female,Sol,1994
602,Rosene,Sinisbury,rsinisburygp@wordpress.com,Female,Rupiah,2011
603,Harland,Judkin,hjudkingq@wikia.com,Male,Krone,2010
604,Bibbie,Haglington,bhaglingtongr@examiner.com,Female,Peso,2009
605,Welby,Jex,wjexgs@imageshack.us,Male,Peso,2005
606,Shir,Matiashvili,smatiashviligt@tiny.cc,Female,Peso,1987
607,Field,Andrewartha,fandrewarthagu@discovery.com,Male,Yuan Renminbi,1993
608,Kylie,Chappelle,kchappellegv@comcast.net,Male,Peso,2009
609,Catherin,Runnalls,crunnallsgw@artisteer.com,Female,Rupiah,1998
610,Adel,Heine,aheinegx@google.pl,Female,Rupiah,2005
611,Jaime,Blacket,jblacketgy@storify.com,Male,Yuan Renminbi,2011
612,Hartley,Kinworthy,hkinworthygz@walmart.com,Male,Euro,1988
613,Cosmo,Rickert,crickerth0@go.com,Male,Franc,2002
614,Karen,Fingleton,kfingletonh1@sciencedaily.com,Female,Real,1998
615,Waldon,Kuhnke,wkuhnkeh2@umn.edu,Male,Yen,1991
616,Lauretta,Crocken,lcrockenh3@dailymotion.com,Female,Yuan Renminbi,2006
617,Glyn,Ferrant,gferranth4@nydailynews.com,Male,Rupiah,1993
618,Lyn,Gownge,lgowngeh5@yale.edu,Male,Ruble,2005
619,Brandi,De Filippis,bdefilippish6@irs.gov,Female,Yuan Renminbi,1975
620,Demetria,Gittens,dgittensh7@devhub.com,Female,Som,1999
621,Garry,Grahame,ggrahameh8@opera.com,Male,Euro,1997
622,Salli,Lippitt,slippitth9@cornell.edu,Female,Naira,2000
623,Gualterio,Giorio,ggiorioha@godaddy.com,Male,Yuan Renminbi,2012
624,Neysa,Vigus,nvigushb@sina.com.cn,Female,Ruble,2005
625,Retha,Hembery,rhemberyhc@1und1.de,Female,Peso,1992
626,Amandie,Bartles,abartleshd@symantec.com,Female,Peso,1996
627,Haleigh,Barts,hbartshe@mtv.com,Female,Peso,1994
628,Gavrielle,Udy,gudyhf@free.fr,Female,Yuan Renminbi,2009
629,Gaylor,Botte,gbottehg@weather.com,Male,Yuan Renminbi,2008
630,Kaine,Friman,kfrimanhh@dyndns.org,Male,Yen,1995
631,Gabie,Aggott,gaggotthi@berkeley.edu,Male,Yuan Renminbi,1985
632,Corry,Quaif,cquaifhj@msu.edu,Female,Peso,1996
633,Ethelred,Ilchuk,eilchukhk@freewebs.com,Male,Real,2002
634,Ki,O'Dunniom,kodunniomhl@slashdot.org,Female,Peso,2009
635,Farlie,Prosch,fproschhm@cyberchimps.com,Male,Rupiah,1998
636,Arabela,Dinnage,adinnagehn@merriam-webster.com,Female,Peso,1967
637,Cristine,Dunkerton,cdunkertonho@accuweather.com,Female,Yuan Renminbi,2006
638,Mendy,Janda,mjandahp@theatlantic.com,Male,Real,1993
639,Lurleen,Greenhaugh,lgreenhaughhq@nhs.uk,Female,Rial,1996
640,Willette,Tabbitt,wtabbitthr@washingtonpost.com,Female,Yuan Renminbi,2002
641,Basilius,Kneller,bknellerhs@reddit.com,Male,Yuan Renminbi,1966
642,Gnni,McIlwrath,gmcilwrathht@slashdot.org,Female,Kuna,2009
643,Chrotoem,Downey,cdowneyhu@marriott.com,Male,Euro,2001
644,Dierdre,Boyington,dboyingtonhv@apple.com,Female,Dram,2001
645,Tarra,Dodridge,tdodridgehw@wikispaces.com,Agender,Yuan Renminbi,2012
646,Evey,Radnage,eradnagehx@dyndns.org,Non-binary,Rupiah,2003
647,Fan,Pavkovic,fpavkovichy@infoseek.co.jp,Female,Euro,2005
648,Eula,Waghorne,ewaghornehz@rambler.ru,Female,Hryvnia,2007
649,Daisi,Kelshaw,dkelshawi0@cbsnews.com,Polygender,Franc,1988
650,Ettie,Matthieson,ematthiesoni1@networksolutions.com,Female,Ruble,1967
651,Aurelie,Newarte,anewartei2@cbsnews.com,Female,Real,2011
652,Barnebas,Renals,brenalsi3@163.com,Male,Yen,1994
653,Robbin,Berens,rberensi4@webnode.com,Female,Yen,2000
654,Brnaby,Doiley,bdoileyi5@sfgate.com,Male,Yuan Renminbi,2000
655,Paxon,Soppitt,psoppitti6@ifeng.com,Male,Yuan Renminbi,2004
656,Howie,Bodocs,hbodocsi7@google.es,Male,Krone,1996
657,Meris,Grisley,mgrisleyi8@abc.net.au,Female,Peso,2009
658,Alvan,Tradewell,atradewelli9@posterous.com,Male,Euro,2007
659,Sandy,Dowdall,sdowdallia@fotki.com,Male,Rupiah,2003
660,Elbertina,Heaford,eheafordib@technorati.com,Female,Koruna,2009
661,Bria,Brolan,bbrolanic@who.int,Female,Yuan Renminbi,2003
662,Isaak,St Ange,istangeid@tinypic.com,Male,Dirham,2003
663,Omero,Perot,operotie@scribd.com,Male,Rupiah,2012
664,Wanda,Naisbet,wnaisbetif@nyu.edu,Female,Lempira,1967
665,Kristyn,Looker,klookerig@geocities.com,Female,Yen,1995
666,Tadeo,Buer,tbuerih@epa.gov,Male,Quetzal,2000
667,Jackelyn,McAmish,jmcamishii@vimeo.com,Female,Ruble,2004
668,Beulah,Killough,bkilloughij@google.cn,Agender,Rupiah,2000
669,Jacquelin,Youell,jyouellik@reference.com,Female,Sol,1998
670,Fraser,Hansed,fhansedil@facebook.com,Male,Hryvnia,2002
671,Ainslee,Cradick,acradickim@salon.com,Female,Euro,1989
672,Grenville,Vaines,gvainesin@berkeley.edu,Male,Yuan Renminbi,2006
673,Consuelo,Libreros,clibrerosio@arizona.edu,Female,Ruble,1998
674,Cynthie,Lambal,clambalip@deliciousdays.com,Female,Ruble,1996
675,Kimmi,Dighton,kdightoniq@kickstarter.com,Female,Franc,2003
676,Athene,Saddleton,asaddletonir@miibeian.gov.cn,Female,Euro,1994
677,Hurleigh,Liston,hlistonis@youtube.com,Male,Sol,2006
678,Grady,Hunt,ghuntit@123-reg.co.uk,Male,Lari,2001
679,Pail,Dore,pdoreiu@macromedia.com,Male,Lek,2005
680,Kassey,Kellen,kkelleniv@sbwire.com,Female,Dollar,1996
681,Martie,Westerman,mwestermaniw@tripadvisor.com,Male,Rupiah,1995
682,Brendan,Barrington,bbarringtonix@bloglovin.com,Male,Zloty,1987
683,Tallie,Eric,tericiy@delicious.com,Male,Dollar,1994
684,Bette-ann,Plunket,bplunketiz@shop-pro.jp,Female,Ruble,2006
685,Ethe,Chantree,echantreej0@spiegel.de,Male,Zloty,1992
686,Laurene,Ganter,lganterj1@japanpost.jp,Female,Zloty,2007
687,Datha,Crawshay,dcrawshayj2@reverbnation.com,Female,Yuan Renminbi,2005
688,Harp,Koene,hkoenej3@hud.gov,Male,Ruble,1969
689,Ogdon,Bettley,obettleyj4@bing.com,Male,Peso,1994
690,Felix,Gilmour,fgilmourj5@imageshack.us,Male,Rupee,2006
691,Fifine,Pover,fpoverj6@joomla.org,Female,Euro,2011
692,Korrie,Worsnop,kworsnopj7@discovery.com,Female,Ruble,1996
693,Bunny,Blincko,bblinckoj8@usatoday.com,Female,Yuan Renminbi,1987
694,Grayce,Memory,gmemoryj9@admin.ch,Female,Yuan Renminbi,2004
695,Jaquith,Antognazzi,jantognazzija@mozilla.com,Female,Euro,1994
696,Jess,Kearey,jkeareyjb@xinhuanet.com,Male,Yuan Renminbi,1996
697,Winfred,Otteridge,wotteridgejc@amazon.com,Male,Baht,2001
698,Jacenta,Andrea,jandreajd@studiopress.com,Female,Quetzal,1990
699,Kathlin,Iveans,kiveansje@elpais.com,Female,Cordoba,1998
700,Cordey,Santacrole,csantacrolejf@salon.com,Female,Shilling,2003
701,Davide,Livesley,dlivesleyjg@fema.gov,Male,Ruble,2012
702,Damara,Sillwood,dsillwoodjh@themeforest.net,Female,Pound,2005
703,Arch,Fantonetti,afantonettiji@people.com.cn,Male,Krone,1997
704,Constancia,Threadgould,cthreadgouldjj@blogger.com,Female,Peso,1989
705,Kathleen,Brinkley,kbrinkleyjk@geocities.com,Female,Real,2005
706,Zsa zsa,Norwich,znorwichjl@ning.com,Female,Yuan Renminbi,1995
707,Trevor,Spooner,tspoonerjm@youtu.be,Male,Yuan Renminbi,2010
708,Georgie,Le Breton,glebretonjn@noaa.gov,Female,Peso,2009
709,Ogden,Lillecrap,olillecrapjo@businessweek.com,Male,Lari,1987
710,Morgen,O'Duilleain,moduilleainjp@ca.gov,Polygender,Yuan Renminbi,2000
711,Leonore,Phittiplace,lphittiplacejq@quantcast.com,Female,Sol,1993
712,Sharon,Acome,sacomejr@webs.com,Female,Yuan Renminbi,2000
713,Anna-diana,Lethbrig,alethbrigjs@intel.com,Female,Hryvnia,2010
714,Barney,Larrosa,blarrosajt@parallels.com,Male,Peso,2004
715,Bobette,Trussman,btrussmanju@ucsd.edu,Female,Krone,1989
716,Fredric,Huegett,fhuegettjv@shutterfly.com,Male,Dollar,1997
717,Ange,Mease,ameasejw@blog.com,Female,Naira,2011
718,Merci,Hawkswood,mhawkswoodjx@umn.edu,Female,Yuan Renminbi,1988
719,Hatty,Giffen,hgiffenjy@google.ca,Female,Tugrik,1998
720,Gerrie,Gasgarth,ggasgarthjz@devhub.com,Female,Yuan Renminbi,1981
721,Karee,Yakushkin,kyakushkink0@tumblr.com,Female,Lev,2007
722,Skipper,Klicher,sklicherk1@qq.com,Male,Peso,1998
723,Eamon,Moncreiff,emoncreiffk2@clickbank.net,Male,Euro,1991
724,Edna,Sawdy,esawdyk3@creativecommons.org,Female,Real,2011
725,Burty,Mixworthy,bmixworthyk4@amazonaws.com,Male,Euro,2006
726,Abie,Belleny,abellenyk5@chron.com,Male,Peso,1993
727,Dennis,Leyzell,dleyzellk6@techcrunch.com,Male,Yen,2011
728,Tann,Pelham,tpelhamk7@theatlantic.com,Male,Peso,2012
729,Leese,Caulkett,lcaulkettk8@ihg.com,Female,Yuan Renminbi,2008
730,Catlee,Ledwith,cledwithk9@fastcompany.com,Female,Euro,2003
731,Chariot,Titmarsh,ctitmarshka@vk.com,Male,Taka,1999
732,Jacqueline,Paul,jpaulkb@toplist.cz,Female,Peso,2003
733,Justin,Walewski,jwalewskikc@psu.edu,Male,Yuan Renminbi,1987
734,Lodovico,Senter,lsenterkd@parallels.com,Male,Euro,1993
735,Saunders,Warhurst,swarhurstke@a8.net,Male,Ruble,1993
736,Davy,McGawn,dmcgawnkf@oakley.com,Male,Euro,2011
737,Amargo,Elks,aelkskg@odnoklassniki.ru,Genderfluid,Yuan Renminbi,1993
738,Alon,Sprigings,asprigingskh@aboutads.info,Male,Peso,2003
739,Roman,Hallybone,rhallyboneki@nytimes.com,Male,Euro,2003
740,Haley,Noddle,hnoddlekj@wsj.com,Male,Bolivar,1995
741,Marcus,Barrim,mbarrimkk@e-recht24.de,Genderqueer,Rupiah,2013
742,Zulema,Magrannell,zmagrannellkl@bandcamp.com,Female,Dollar,2008
743,Delano,Roft,droftkm@dion.ne.jp,Male,Yuan Renminbi,1996
744,Karissa,Channon,kchannonkn@gnu.org,Female,Rupiah,2007
745,Vitia,Stirland,vstirlandko@netscape.com,Female,Marka,2004
746,Jacklin,Cavil,jcavilkp@flavors.me,Female,Lempira,2002
747,Silvanus,Claybourne,sclaybournekq@ihg.com,Genderfluid,Euro,1992
748,Margie,Jelliman,mjellimankr@4shared.com,Female,Yuan Renminbi,1985
749,Leeanne,Manifield,lmanifieldks@flickr.com,Female,Ruble,2006
750,Kipp,Boffey,kboffeykt@usda.gov,Male,Euro,2008
751,Berkeley,Kubik,bkubikku@un.org,Male,Rupiah,2010
752,Candi,Delong,cdelongkv@baidu.com,Polygender,Rupiah,2012
753,Constanta,Conti,ccontikw@cbc.ca,Female,Ringgit,2012
754,Berne,Steer,bsteerkx@timesonline.co.uk,Male,Yuan Renminbi,2006
755,Teddi,Gladman,tgladmanky@sfgate.com,Female,Krona,2006
756,Shea,Sallnow,ssallnowkz@dot.gov,Male,Ringgit,2003
757,Piotr,Lymbourne,plymbournel0@bloomberg.com,Male,Rand,2008
758,Natale,Scardafield,nscardafieldl1@ycombinator.com,Male,Yuan Renminbi,2001
759,Lucais,Fowgies,lfowgiesl2@livejournal.com,Male,Real,1999
760,Nico,Bakhrushkin,nbakhrushkinl3@state.gov,Male,Ruble,1994
761,Arny,Cleatherow,acleatherowl4@usgs.gov,Male,Kuna,2010
762,Giovanni,Nickless,gnicklessl5@edublogs.org,Polygender,Franc,2004
763,Aila,Sprason,asprasonl6@geocities.com,Female,Euro,2002
764,Karin,Bottini,kbottinil7@stumbleupon.com,Female,Yuan Renminbi,1993
765,Christoffer,Laffan,claffanl8@domainmarket.com,Non-binary,Rupiah,1998
766,Elfrieda,Evetts,eevettsl9@amazonaws.com,Female,Rand,2009
767,Romona,Stephens,rstephensla@csmonitor.com,Female,Yuan Renminbi,1999
768,Gar,Bickell,gbickelllb@t.co,Non-binary,Dirham,2001
769,Manfred,Deares,mdeareslc@hibu.com,Male,Baht,1996
770,Marylinda,Riccioppo,mriccioppold@163.com,Female,Zloty,1993
771,Amalia,Upcraft,aupcraftle@unc.edu,Female,Krona,1993
772,Belle,Tuxill,btuxilllf@wikispaces.com,Female,Baht,1995
773,Lynnelle,Atkinson,latkinsonlg@hostgator.com,Female,Rupiah,2012
774,Starr,Phonix,sphonixlh@cocolog-nifty.com,Female,Rupiah,1991
775,Marne,Guslon,mguslonli@auda.org.au,Female,Peso,1992
776,Hesther,Ragbourne,hragbournelj@nps.gov,Female,Krona,2004
777,Christa,Bellhanger,cbellhangerlk@alexa.com,Female,Krona,1996
778,Ashien,Nalder,analderll@scribd.com,Female,Gourde,2005
779,Kiel,Jory,kjorylm@ovh.net,Genderqueer,Krona,2008
780,Von,Boggon,vboggonln@washingtonpost.com,Male,Rupiah,1998
781,Haven,Cannan,hcannanlo@earthlink.net,Male,Sol,1998
782,Tailor,O'Hannen,tohannenlp@bravesites.com,Male,Peso,1992
783,Gussy,Ingliby,ginglibylq@psu.edu,Female,Rupiah,2009
784,Carlie,Mugridge,cmugridgelr@vinaora.com,Male,Rupiah,2007
785,Carine,Pobjoy,cpobjoyls@youtube.com,Female,Pound,2002
786,Stillmann,Friskey,sfriskeylt@last.fm,Male,Dollar,2008
787,Jamal,Brellin,jbrellinlu@fema.gov,Male,Hryvnia,2011
788,Andrus,Sandhill,asandhilllv@histats.com,Male,Yuan Renminbi,2011
789,Avery,Messiter,amessiterlw@umich.edu,Male,Yuan Renminbi,1996
790,Kelcey,Croall,kcroalllx@ebay.co.uk,Female,Rupiah,2011
791,Roland,Batrick,rbatrickly@themeforest.net,Male,Euro,2009
792,Daisi,Blagdon,dblagdonlz@desdev.cn,Female,Yuan Renminbi,1999
793,Crichton,O'Leagham,coleaghamm0@hugedomains.com,Male,Ruble,2012
794,Emile,Burn,eburnm1@123-reg.co.uk,Male,Baht,2000
795,Margot,Garthside,mgarthsidem2@ustream.tv,Female,Rupee,1985
796,Etan,Yewen,eyewenm3@skype.com,Male,Real,1993
797,Bryna,Menco,bmencom4@nydailynews.com,Female,Rupiah,1993
798,Elyssa,Ripper,eripperm5@123-reg.co.uk,Female,Rial,1950
799,Gregor,Cavozzi,gcavozzim6@sohu.com,Male,Koruna,1998
800,Marie-jeanne,Easterling,measterlingm7@netscape.com,Non-binary,Peso,2001
801,Rosemaria,Latan,rlatanm8@huffingtonpost.com,Female,Real,1987
802,Ilsa,Nawton,inawtonm9@latimes.com,Female,Franc,2001
803,Irv,Cattow,icattowma@uiuc.edu,Male,Real,1995
804,Sawyer,Gilston,sgilstonmb@exblog.jp,Male,Yuan Renminbi,2003
805,Kessiah,Woodyear,kwoodyearmc@networksolutions.com,Female,Yuan Renminbi,2003
806,Delores,Epp,deppmd@privacy.gov.au,Female,Peso,1993
807,Silvana,Ionesco,sionescome@geocities.com,Female,Yuan Renminbi,2005
808,Francis,MacKomb,fmackombmf@businesswire.com,Male,Yuan Renminbi,2008
809,Delmore,Peplow,dpeplowmg@google.com.au,Male,Yuan Renminbi,2006
810,Ferne,Isacoff,fisacoffmh@goodreads.com,Female,Yuan Renminbi,1993
811,Tanya,Englishby,tenglishbymi@blogspot.com,Female,Rial,2009
812,Hyman,Beattie,hbeattiemj@lycos.com,Male,Yen,2005
813,Gennie,Winspeare,gwinspearemk@whitehouse.gov,Female,Yuan Renminbi,2000
814,Lorin,Grece,lgreceml@wikia.com,Male,Rial,1992
815,Fidole,Tuckley,ftuckleymm@businessinsider.com,Male,Real,2002
816,Indira,Tibbotts,itibbottsmn@blogtalkradio.com,Female,Tugrik,2006
817,Gaven,Francescozzi,gfrancescozzimo@google.com.au,Male,Yuan Renminbi,2002
818,Alli,Wardall,awardallmp@google.pl,Female,Dollar,2003
819,Evelin,Karoly,ekarolymq@wunderground.com,Male,Peso,2006
820,Colin,Lindenbaum,clindenbaummr@ustream.tv,Male,Zloty,1997
821,Manuel,Hampson,mhampsonms@cocolog-nifty.com,Male,Yuan Renminbi,2011
822,Chaunce,Storres,cstorresmt@naver.com,Male,Koruna,2006
823,Elyssa,Sanzio,esanziomu@usda.gov,Female,Yuan Renminbi,2012
824,Toddie,Janeczek,tjaneczekmv@nyu.edu,Male,Euro,2006
825,Anabelle,Gauche,agauchemw@google.com,Female,Yuan Renminbi,2000
826,Granny,Ray,graymx@craigslist.org,Male,Ruble,1998
827,Bertie,Schapero,bschaperomy@nationalgeographic.com,Female,Rupiah,2006
828,Francene,Firebrace,ffirebracemz@sun.com,Female,Rupiah,1995
829,Mike,Loseke,mloseken0@rambler.ru,Male,Peso,2002
830,Flint,Signoret,fsignoretn1@drupal.org,Non-binary,Rupiah,2001
831,Bathsheba,Reggler,bregglern2@desdev.cn,Female,Zloty,2007
832,Alphonse,Grafton,agraftonn3@dion.ne.jp,Male,Dollar,1997
833,Xylina,Iorns,xiornsn4@sina.com.cn,Female,Peso,2009
834,Essy,Thonason,ethonasonn5@ucoz.com,Female,Yuan Renminbi,2010
835,Vaughan,Hiner,vhinern6@tuttocitta.it,Male,Yen,1994
836,Gonzales,Okeshott,gokeshottn7@wikipedia.org,Male,Euro,2007
837,Glyn,MacConnulty,gmacconnultyn8@auda.org.au,Female,Euro,2008
838,Joseph,Croasdale,jcroasdalen9@artisteer.com,Male,Yuan Renminbi,1979
839,Mata,Llywarch,mllywarchna@opera.com,Genderfluid,Zloty,2009
840,Hanna,Daouze,hdaouzenb@ucoz.com,Female,Yuan Renminbi,2013
841,Georgi,Braisby,gbraisbync@amazonaws.com,Male,Dong,1991
842,Wheeler,Sasser,wsassernd@ustream.tv,Male,Naira,1993
843,Leicester,Bontein,lbonteinne@chronoengine.com,Male,Rupiah,2008
844,Marie-jeanne,Quarton,mquartonnf@xrea.com,Polygender,Euro,2012
845,Giacobo,Fashion,gfashionng@unesco.org,Male,Yuan Renminbi,2011
846,Skyler,Goodburn,sgoodburnnh@alibaba.com,Male,Rupiah,2009
847,Veronique,Drayson,vdraysonni@mediafire.com,Female,Yen,2007
848,Sheena,Weaving,sweavingnj@ox.ac.uk,Female,Yuan Renminbi,2009
849,Dean,Tomasi,dtomasink@amazon.co.jp,Male,Rupiah,2006
850,Moore,Massimo,mmassimonl@bing.com,Male,Yuan Renminbi,1992
851,Concettina,Willgoose,cwillgoosenm@shareasale.com,Female,Euro,1997
852,Joell,Penniell,jpenniellnn@google.co.jp,Female,Rupiah,2006
853,Carlyle,Dixcee,cdixceeno@ow.ly,Male,Rupiah,1967
854,Sonnie,Butterfield,sbutterfieldnp@amazonaws.com,Male,Yuan Renminbi,2011
855,Esdras,Klossek,eklosseknq@devhub.com,Male,Afghani,1994
856,Dexter,O'Rowane,dorowanenr@google.com,Male,Kwacha,2013
857,Ev,Danielsky,edanielskyns@trellian.com,Genderfluid,Lek,2011
858,Natty,Morling,nmorlingnt@nifty.com,Female,Ruble,1994
859,Vic,Lambell,vlambellnu@deliciousdays.com,Male,Euro,2003
860,Pedro,Spellissy,pspellissynv@jimdo.com,Male,Yuan Renminbi,2009
861,Lammond,Danbrook,ldanbrooknw@people.com.cn,Male,Ruble,2010
862,Trisha,Stebbings,tstebbingsnx@yahoo.co.jp,Female,Kip,2007
863,James,Snedker,jsnedkerny@rambler.ru,Agender,Yuan Renminbi,1996
864,Lucien,Sealy,lsealynz@sbwire.com,Male,Peso,2004
865,Junie,Bunworth,jbunwortho0@amazon.com,Genderqueer,Yuan Renminbi,2007
866,Raphael,Uttermare,ruttermareo1@eventbrite.com,Male,Yuan Renminbi,1988
867,Laurie,Challenor,lchallenoro2@washington.edu,Female,Yuan Renminbi,1992
868,Rip,Allawy,rallawyo3@elegantthemes.com,Polygender,Real,1994
869,Sonnnie,Robben,srobbeno4@ehow.com,Female,Euro,1999
870,Bret,Longhorne,blonghorneo5@flickr.com,Male,Krona,1986
871,Ferdinanda,Couling,fcoulingo6@tripadvisor.com,Female,Zloty,2007
872,Britte,McLise,bmcliseo7@shareasale.com,Female,Ruble,2006
873,Raquel,Littrick,rlittricko8@japanpost.jp,Female,Som,1998
874,Fax,Wendover,fwendovero9@nyu.edu,Male,Yuan Renminbi,2003
875,Cal,Twitchett,ctwitchettoa@opera.com,Bigender,Krona,1996
876,Diana,MacGeffen,dmacgeffenob@bloglines.com,Female,Ruble,2006
877,Mattie,Valasek,mvalasekoc@blogs.com,Female,Yuan Renminbi,1978
878,Ermanno,Longridge,elongridgeod@ucla.edu,Male,Peso,1999
879,Morrie,Janecek,mjanecekoe@admin.ch,Male,Yuan Renminbi,2003
880,Huntington,Docket,hdocketof@dot.gov,Male,Euro,2009
881,Gamaliel,Baugham,gbaughamog@bloglines.com,Male,Peso,2001
882,Kirstin,Rikel,krikeloh@unesco.org,Female,Peso,2008
883,Rosana,Boig,rboigoi@sogou.com,Female,Zloty,1996
884,Mickey,Ochterlony,mochterlonyoj@sourceforge.net,Male,Krona,1998
885,Korry,Dunbobbin,kdunbobbinok@prnewswire.com,Female,Yuan Renminbi,2002
886,Jerry,M'Barron,jmbarronol@dagondesign.com,Female,Yuan Renminbi,2009
887,Hermia,Pumphreys,hpumphreysom@who.int,Female,Peso,2007
888,Meaghan,Demcak,mdemcakon@cyberchimps.com,Female,Zloty,2006
889,Filip,Betham,fbethamoo@xing.com,Male,Yuan Renminbi,2006
890,Hesther,Hendrichs,hhendrichsop@google.ru,Female,Pound,2005
891,Bernarr,Burdell,bburdelloq@nifty.com,Male,Rupee,2003
892,Ignaz,O'Sirin,iosirinor@tiny.cc,Male,Rupiah,2003
893,Moselle,Tanti,mtantios@cocolog-nifty.com,Female,Yuan Renminbi,2000
894,Antony,Test,atestot@free.fr,Male,Yuan Renminbi,2001
895,Candra,Whitrod,cwhitrodou@google.cn,Agender,Yuan Renminbi,2002
896,Davey,Renforth,drenforthov@netscape.com,Male,Yuan Renminbi,2007
897,Cull,Laborde,clabordeow@storify.com,Male,Euro,1995
898,Weber,Silveston,wsilvestonox@jalbum.net,Male,Ruble,2003
899,Greta,Gatsby,ggatsbyoy@indiegogo.com,Female,Yuan Renminbi,1983
900,Grete,Pettett,gpettettoz@comcast.net,Female,Peso,1997
901,Terrel,Sclater,tsclaterp0@google.cn,Male,Koruna,2005
902,Stephie,Garroch,sgarrochp1@wsj.com,Genderfluid,Yuan Renminbi,2011
903,Lonny,Treneer,ltreneerp2@globo.com,Male,Euro,2006
904,Halimeda,Libbe,hlibbep3@nationalgeographic.com,Female,Yuan Renminbi,2000
905,Theodora,Fareweather,tfareweatherp4@mysql.com,Female,Dollar,2002
906,Prissie,Joppich,pjoppichp5@ameblo.jp,Non-binary,Peso,1991
907,Marvin,Brauns,mbraunsp6@miibeian.gov.cn,Male,Yuan Renminbi,2002
908,Shawn,Fishe,sfishep7@ihg.com,Male,Euro,2006
909,Clarita,Richings,crichingsp8@sogou.com,Female,Rupiah,2005
910,Belia,Doe,bdoep9@liveinternet.ru,Female,Real,2006
911,Dina,Poter,dpoterpa@thetimes.co.uk,Female,Peso,2011
912,Olva,Battersby,obattersbypb@digg.com,Female,Ringgit,1984
913,Aldous,Eborall,aeborallpc@free.fr,Male,Dollar,1989
914,Tadio,Gavin,tgavinpd@linkedin.com,Male,Yuan Renminbi,2002
915,Shawnee,Fenton,sfentonpe@netlog.com,Female,Yuan Renminbi,1990
916,Daniel,Olivazzi,dolivazzipf@nyu.edu,Male,Peso,1996
917,Tillie,Leggat,tleggatpg@sbwire.com,Female,Peso,2005
918,Susie,Scaysbrook,sscaysbrookph@studiopress.com,Female,Naira,2002
919,Chrisse,Bogeys,cbogeyspi@stumbleupon.com,Male,Yuan Renminbi,1999
920,Joyann,Litton,jlittonpj@prnewswire.com,Female,Koruna,2011
921,Lucky,Strettle,lstrettlepk@hubpages.com,Female,Hryvnia,2004
922,Edmon,Wandless,ewandlesspl@marriott.com,Male,Yuan Renminbi,2009
923,Jillene,Gyorgy,jgyorgypm@si.edu,Female,Zloty,2001
924,Lauryn,Temporal,ltemporalpn@theatlantic.com,Female,Franc,2009
925,Aprilette,Formoy,aformoypo@guardian.co.uk,Female,Krona,1988
926,Damon,Fuster,dfusterpp@newyorker.com,Male,Krona,1998
927,Janella,Corderoy,jcorderoypq@imdb.com,Female,Peso,2006
928,Sebastian,Careswell,scareswellpr@slashdot.org,Male,Yen,2007
929,Renelle,Itschakov,ritschakovps@geocities.jp,Female,Peso,2003
930,Cornall,Meth,cmethpt@i2i.jp,Male,Tugrik,2011
931,Delano,Sommerfeld,dsommerfeldpu@clickbank.net,Male,Dollar,1992
932,Hirsch,Gauler,hgaulerpv@va.gov,Male,Rupiah,1993
933,Porty,Meah,pmeahpw@columbia.edu,Male,Euro,1996
934,Brook,Columbell,bcolumbellpx@answers.com,Female,Euro,2002
935,Morna,Westbrook,mwestbrookpy@surveymonkey.com,Female,Yuan Renminbi,1998
936,Moselle,Rogger,mroggerpz@reddit.com,Female,Tugrik,2005
937,Anabel,O'Sheils,aosheilsq0@g.co,Female,Ruble,2009
938,Noelle,Pawlicki,npawlickiq1@prweb.com,Female,Peso,1998
939,Cathlene,Samways,csamwaysq2@g.co,Female,Hryvnia,2002
940,Allyce,Leake,aleakeq3@seesaa.net,Female,Real,1993
941,Tye,MacPaik,tmacpaikq4@google.pl,Male,Euro,2010
942,Adelina,Dunsire,adunsireq5@archive.org,Female,Rupiah,2007
943,Antonius,Cristoferi,acristoferiq6@1688.com,Male,Dram,1992
944,Guglielma,Beadham,gbeadhamq7@soundcloud.com,Female,Rupiah,2003
945,Shurlocke,Andrivot,sandrivotq8@amazon.co.uk,Polygender,Denar,2005
946,Kelsey,O'Loughlin,koloughlinq9@harvard.edu,Female,Naira,2005
947,Elmore,Rotge,erotgeqa@squidoo.com,Male,Yen,1994
948,Blanche,Craik,bcraikqb@sitemeter.com,Female,Yuan Renminbi,2005
949,Lilian,Marcussen,lmarcussenqc@devhub.com,Female,Euro,2012
950,Bastien,Pochon,bpochonqd@goo.ne.jp,Male,Yuan Renminbi,2011
951,Benedicta,Fernihough,bfernihoughqe@nyu.edu,Polygender,Koruna,2000
952,Davina,Casajuana,dcasajuanaqf@yelp.com,Female,Ruble,2010
953,Jocelyn,Dommett,jdommettqg@multiply.com,Female,Peso,2010
954,Xerxes,Matyushkin,xmatyushkinqh@pen.io,Male,Yuan Renminbi,2010
955,Wanda,Busse,wbusseqi@gmpg.org,Genderfluid,Ruble,1996
956,Gayle,Averay,gaverayqj@yahoo.co.jp,Female,Euro,2005
957,Carmelina,Januszewski,cjanuszewskiqk@squarespace.com,Female,Yuan Renminbi,2006
958,Sheryl,Lytell,slytellql@dagondesign.com,Female,Rupiah,2003
959,Aurelie,Alban,aalbanqm@yahoo.co.jp,Polygender,Pound,2011
960,Shalna,Suddell,ssuddellqn@ezinearticles.com,Female,Pound,2010
961,Orelia,Fike,ofikeqo@discuz.net,Female,Yuan Renminbi,2004
962,Conchita,Bamford,cbamfordqp@senate.gov,Polygender,Euro,2012
963,Jorie,Dwelley,jdwelleyqq@myspace.com,Female,Yuan Renminbi,2004
964,Agnesse,Zupo,azupoqr@linkedin.com,Female,Euro,2009
965,Granville,Ambler,gamblerqs@intel.com,Male,Peso,1993
966,Wilhelm,Marvin,wmarvinqt@apple.com,Male,Hryvnia,1995
967,Obediah,Gebbe,ogebbequ@bbb.org,Male,Yuan Renminbi,1996
968,Ella,O Sullivan,eosullivanqv@histats.com,Female,Bolivar,2009
969,Quintilla,Moyser,qmoyserqw@ibm.com,Female,Dollar,1995
970,Dulce,Molfino,dmolfinoqx@dyndns.org,Female,Yuan Renminbi,1999
971,Foss,Grunson,fgrunsonqy@google.ru,Male,Sol,1986
972,Boigie,Whyffen,bwhyffenqz@chicagotribune.com,Male,Dollar,1996
973,Audre,Boyet,aboyetr0@1und1.de,Female,Peso,2008
974,Anjanette,Lamden,alamdenr1@usda.gov,Female,Dollar,1991
975,Ky,Shillom,kshillomr2@spiegel.de,Male,Yen,2006
976,Maison,Dineen,mdineenr3@ow.ly,Male,Ruble,1994
977,Guntar,Cabotto,gcabottor4@harvard.edu,Male,Yen,2007
978,Leona,Redolfi,lredolfir5@wikia.com,Female,Yuan Renminbi,1986
979,Aimee,Pesticcio,apesticcior6@wix.com,Polygender,Rupiah,2010
980,Woody,Shawell,wshawellr7@uol.com.br,Male,Ruble,2008
981,Gib,Dungate,gdungater8@123-reg.co.uk,Male,Euro,2012
982,Augustina,Gabbetis,agabbetisr9@is.gd,Female,Euro,2006
983,Brandie,Prince,bprincera@joomla.org,Female,Krona,1998
984,Lyndell,Gawkes,lgawkesrb@hp.com,Female,Yuan Renminbi,2004
985,Estevan,Nassie,enassierc@sakura.ne.jp,Male,Yuan Renminbi,2007
986,Pauly,Pavlata,ppavlatard@china.com.cn,Female,Peso,2001
987,Lydia,Beminster,lbeminsterre@miibeian.gov.cn,Female,Yuan Renminbi,2005
988,Virgil,Collis,vcollisrf@epa.gov,Male,Krona,1996
989,Emmit,Nunes Nabarro,enunesnabarrorg@deliciousdays.com,Male,Peso,1999
990,Buiron,Peeters,bpeetersrh@indiatimes.com,Male,Rupiah,2011
991,Pascal,Conkey,pconkeyri@twitpic.com,Male,Hryvnia,2003
992,Pren,Veltmann,pveltmannrj@flickr.com,Male,Yuan Renminbi,1995
993,Liesa,Feilden,lfeildenrk@reference.com,Female,Quetzal,2012
994,Lemar,Zini,lzinirl@bbb.org,Male,Peso,2002
995,Arabella,Soares,asoaresrm@dedecms.com,Female,Yuan Renminbi,2008
996,Dodie,Schaumann,dschaumannrn@mac.com,Female,Dram,1984
997,Retha,Hryskiewicz,rhryskiewiczro@mlb.com,Female,Euro,1986
998,Adriano,Purdon,apurdonrp@pinterest.com,Male,Ruble,2012
999,Cullin,Allsepp,callsepprq@studiopress.com,Male,Zloty,2000
1000,Graham,Grimstead,ggrimsteadrr@github.com,Male,Real,1999
